Date,Ticker,Open,High,Low,Close,Adj Close,Volume
2025-07-03,ABBV,191.14999389648438,191.38999938964844,188.87100219726562,189.27999877929688,189.27999877929688,3628686
2025-07-03,AKAM,80.33000183105469,80.54000091552734,79.08000183105469,79.4800033569336,79.4800033569336,1159299
2025-07-03,ALL,195.85000610351562,198.0,195.42999267578125,198.0,198.0,963005
2025-07-03,AXON,781.77001953125,797.8900146484375,780.0,795.47998046875,795.47998046875,268670
2025-07-03,BAX,31.100000381469727,31.219999313354492,30.889999389648438,31.010000228881836,31.010000228881836,1430678
2025-07-03,COR,292.5199890136719,296.2300109863281,290.8789978027344,296.2300109863281,296.2300109863281,614990
2025-07-03,D,57.25,57.61000061035156,56.65999984741211,56.86000061035156,56.86000061035156,3094769
2025-07-03,EFX,262.55999755859375,263.3399963378906,260.7300109863281,261.80999755859375,261.80999755859375,386682
2025-07-03,EMN,79.63999938964844,80.24500274658203,79.25,79.56999969482422,79.56999969482422,798044
2025-07-03,HCA,379.1600036621094,381.17999267578125,371.2200012207031,376.5799865722656,376.5799865722656,943125
2025-07-03,HUBB,417.7200012207031,419.5400085449219,414.2049865722656,414.8399963378906,414.8399963378906,315849
2025-07-03,KIM,21.459999084472656,21.674999237060547,21.399999618530273,21.6200008392334,21.6200008392334,3389277
2025-07-03,LHX,253.83999633789062,256.57000732421875,253.77000427246094,255.72999572753906,255.72999572753906,574986
2025-07-03,LNT,60.90999984741211,61.91999816894531,60.720001220703125,61.529998779296875,61.529998779296875,1893425
2025-07-03,LRCX,98.83000183105469,99.5,98.65499877929688,98.80999755859375,98.80999755859375,5028931
2025-07-03,LULU,247.3699951171875,249.97000122070312,246.0,247.67999267578125,247.67999267578125,1629012
2025-07-03,MGM,37.86000061035156,38.03499984741211,37.52000045776367,37.59000015258789,37.59000015258789,2311196
2025-07-03,MMM,154.25,154.99000549316406,149.5,152.94000244140625,152.94000244140625,3182854
2025-07-03,MOS,37.65999984741211,37.810001373291016,37.029701232910156,37.27000045776367,37.27000045776367,3063961
2025-07-03,MPWR,770.0,776.881591796875,754.405029296875,758.6400146484375,758.6400146484375,400080
2025-07-03,NOC,500.260009765625,505.0350036621094,498.6099853515625,504.20001220703125,504.20001220703125,381831
2025-07-03,PNC,195.52999877929688,197.3300018310547,194.9600067138672,196.57000732421875,196.57000732421875,1863484
2025-07-03,PPL,33.5,33.935001373291016,33.45000076293945,33.810001373291016,33.810001373291016,2411936
2025-07-03,TAP,49.66999816894531,49.88999938964844,49.32500076293945,49.439998626708984,49.439998626708984,1466374
2025-07-03,VTRS,9.329999923706055,9.369999885559082,9.220000267028809,9.319999694824219,9.319999694824219,6342290
2025-07-03,ABT,134.6699981689453,135.24429321289062,133.1999969482422,134.44000244140625,134.44000244140625,3114335
2025-07-03,ALB,68.61000061035156,69.48999786376953,66.83999633789062,67.20999908447266,67.20999908447266,2306373
2025-07-03,BEN,24.700000762939453,24.940000534057617,24.639999389648438,24.8799991607666,24.8799991607666,2467095
2025-07-03,CCI,102.61000061035156,103.13999938964844,101.06749725341797,102.91999816894531,102.91999816894531,1246284
2025-07-03,CL,92.80000305175781,93.12000274658203,91.90499877929688,92.77999877929688,92.77999877929688,3300939
2025-07-03,CTAS,215.86000061035156,219.88999938964844,215.47999572753906,219.36000061035156,219.36000061035156,940716
2025-07-03,CTVA,76.91999816894531,77.41000366210938,76.70500183105469,77.12000274658203,77.12000274658203,1419340
2025-07-03,DASH,239.41000366210938,242.14999389648438,237.8300018310547,238.7899932861328,238.7899932861328,1699692
2025-07-03,EBAY,76.0,76.80000305175781,75.94999694824219,76.36000061035156,76.36000061035156,2158684
2025-07-03,EXPE,171.27000427246094,178.6199951171875,171.27000427246094,176.47999572753906,176.47999572753906,1429430
2025-07-03,EXR,152.9600067138672,153.40499877929688,151.25999450683594,152.8800048828125,152.8800048828125,835966
2025-07-03,GDDY,175.0399932861328,178.52999877929688,175.0399932861328,177.32000732421875,177.32000732421875,1157221
2025-07-03,GS,715.9099731445312,726.0,713.4022216796875,723.6799926757812,723.6799926757812,1499550
2025-07-03,HES,143.52000427246094,144.6300048828125,142.97999572753906,144.02999877929688,144.02999877929688,696543
2025-07-03,IRM,100.37000274658203,101.69000244140625,100.18000030517578,100.68000030517578,100.68000030517578,914630
2025-07-03,KKR,136.75999450683594,139.24000549316406,136.03500366210938,138.60000610351562,138.60000610351562,2650555
2025-07-03,KMI,28.43000030517578,28.5669002532959,28.25,28.40999984741211,28.40999984741211,5098219
2025-07-03,ORCL,233.22000122070312,237.98989868164062,231.1999969482422,237.32000732421875,237.32000732421875,18441376
2025-07-03,PNR,106.2699966430664,107.13999938964844,106.23999786376953,106.87000274658203,106.87000274658203,1008548
2025-07-03,POOL,302.760009765625,303.489990234375,297.0,302.0199890136719,302.0199890136719,522026
2025-07-03,TDG,1513.43994140625,1525.2850341796875,1513.5,1522.97998046875,1522.97998046875,85248
2025-07-03,TDY,510.3299865722656,518.344970703125,502.5,517.9600219726562,517.9600219726562,215956
2025-07-03,TECH,53.310001373291016,53.619998931884766,52.69779968261719,53.13999938964844,53.13999938964844,843085
2025-07-03,TXT,82.0,82.37999725341797,81.6500015258789,82.2300033569336,82.2300033569336,907016
2025-07-03,WEC,103.58000183105469,104.81999969482422,103.19999694824219,104.33999633789062,104.33999633789062,1033837
2025-07-03,ADBE,378.0,383.19000244140625,377.79998779296875,379.30999755859375,379.30999755859375,2863680
2025-07-03,ANSS,367.7699890136719,368.0,362.1099853515625,367.4800109863281,367.4800109863281,874106
2025-07-03,APD,288.4599914550781,292.6400146484375,288.5,291.8399963378906,291.8399963378906,682381
2025-07-03,AWK,140.47000122070312,141.30999755859375,139.60000610351562,140.0500030517578,140.0500030517578,683750
2025-07-03,CSCO,68.19999694824219,69.47000122070312,68.19999694824219,69.37000274658203,69.37000274658203,17973495
2025-07-03,DUK,117.0,117.87999725341797,116.47000122070312,117.30999755859375,117.30999755859375,1942595
2025-07-03,ECL,274.0,274.1700134277344,271.8900146484375,274.0899963378906,274.0899963378906,513655
2025-07-03,ETR,81.13999938964844,82.29000091552734,81.05000305175781,81.91999816894531,81.91999816894531,1120750
2025-07-03,HOLX,65.30000305175781,65.30000305175781,64.48999786376953,64.77999877929688,64.77999877929688,1171401
2025-07-03,HSIC,74.5,75.01499938964844,74.33000183105469,74.66999816894531,74.66999816894531,676738
2025-07-03,IVZ,16.709999084472656,16.795000076293945,16.649999618530273,16.729999542236328,16.729999542236328,2853847
2025-07-03,L,91.37000274658203,92.58000183105469,91.37000274658203,92.38999938964844,92.38999938964844,500770
2025-07-03,LKQ,38.59000015258789,38.915000915527344,38.439998626708984,38.68000030517578,38.68000030517578,1103225
2025-07-03,MAS,67.16000366210938,67.58000183105469,66.18000030517578,66.37999725341797,66.37999725341797,1335842
2025-07-03,PSA,297.70001220703125,298.9299011230469,295.0,296.32000732421875,296.32000732421875,742606
2025-07-03,PWR,376.0199890136719,387.3699951171875,374.9601135253906,386.510009765625,386.510009765625,869625
2025-07-03,REGN,547.75,551.5599975585938,546.6099853515625,547.3599853515625,547.3599853515625,456141
2025-07-03,ROST,131.3300018310547,132.125,130.24000549316406,131.5500030517578,131.5500030517578,2322880
2025-07-03,RVTY,100.54000091552734,102.01000213623047,100.01000213623047,101.30999755859375,101.30999755859375,811002
2025-07-03,SRE,74.7300033569336,75.33999633789062,74.30000305175781,75.12000274658203,75.12000274658203,1972703
2025-07-03,UAL,81.72000122070312,83.63999938964844,81.67500305175781,82.36000061035156,82.36000061035156,4047696
2025-07-03,UBER,92.62999725341797,94.11000061035156,92.61000061035156,93.62999725341797,93.62999725341797,8112562
2025-07-03,UNP,237.69000244140625,239.19000244140625,236.27999877929688,236.27999877929688,236.27999877929688,1327641
2025-07-03,UPS,106.43000030517578,106.40499877929688,104.12999725341797,104.12999725341797,104.12999725341797,2961254
2025-07-03,URI,788.0,794.5250244140625,786.7000122070312,792.5,792.5,342929
2025-07-03,ADM,56.0,56.369998931884766,54.880001068115234,55.310001373291016,55.310001373291016,2259865
2025-07-03,AOS,68.08999633789062,68.36499786376953,67.68000030517578,67.91999816894531,67.91999816894531,658943
2025-07-03,AZO,3723.43994140625,3770.284912109375,3695.14990234375,3769.260009765625,3769.260009765625,84768
2025-07-03,COST,982.4000244140625,987.6699829101562,977.3250122070312,987.02001953125,987.02001953125,1090138
2025-07-03,CVS,66.91999816894531,67.76000213623047,66.62999725341797,67.43000030517578,67.43000030517578,3770987
2025-07-03,DXCM,83.69999694824219,84.48999786376953,82.57499694824219,82.93000030517578,82.93000030517578,1841055
2025-07-03,EXE,111.41999816894531,111.41999816894531,107.94000244140625,108.73999786376953,108.73999786376953,1807029
2025-07-03,FFIV,298.2300109863281,301.7799987792969,297.6199951171875,300.1300048828125,300.1300048828125,266347
2025-07-03,FITB,43.38999938964844,43.83000183105469,43.189998626708984,43.400001525878906,43.400001525878906,4405182
2025-07-03,FSLR,177.85000610351562,188.5,177.85000610351562,185.02999877929688,185.02999877929688,6399688
2025-07-03,FTNT,102.68000030517578,106.11499786376953,102.62000274658203,105.66000366210938,105.66000366210938,2864114
2025-07-03,KEY,18.3700008392334,18.549999237060547,18.209999084472656,18.459999084472656,18.459999084472656,13695000
2025-07-03,KLAC,916.3300170898438,928.0,916.0499877929688,924.5800170898438,924.5800170898438,489375
2025-07-03,KMB,132.72999572753906,132.72999572753906,131.4499969482422,132.1199951171875,132.1199951171875,1015580
2025-07-03,MMC,213.6699981689453,215.2100067138672,212.2100067138672,215.0800018310547,215.0800018310547,1711836
2025-07-03,NOW,1017.72998046875,1057.389892578125,1015.0,1044.68994140625,1044.68994140625,1205886
2025-07-03,NVDA,158.35000610351562,160.97999572753906,157.77000427246094,159.33999633789062,159.33999633789062,142313659
2025-07-03,NWSA,29.639999389648438,29.915000915527344,29.56999969482422,29.739999771118164,29.739999771118164,1379560
2025-07-03,PARA,12.869999885559082,12.949999809265137,12.8149995803833,12.899999618530273,12.899999618530273,4141381
2025-07-03,SMCI,49.22999954223633,49.630001068115234,48.41999816894531,48.560001373291016,48.560001373291016,18283790
2025-07-03,STE,238.52999877929688,238.36000061035156,236.1300048828125,237.5500030517578,237.5500030517578,242380
2025-07-03,TT,431.25,437.70001220703125,428.8800048828125,437.3900146484375,437.3900146484375,1182309
2025-07-03,VRSK,300.8349914550781,305.69000244140625,299.2749938964844,304.05999755859375,304.05999755859375,891255
2025-07-03,VTR,62.7400016784668,63.220001220703125,62.459999084472656,62.93000030517578,62.93000030517578,1328700
2025-07-03,XYL,131.8000030517578,132.67999267578125,131.60499572753906,132.27999877929688,132.27999877929688,713729
2025-07-03,ACN,303.0,305.29998779296875,302.2900085449219,304.7799987792969,304.7799987792969,1616133
2025-07-03,CHRW,99.29000091552734,99.72000122070312,97.78990173339844,98.02999877929688,98.02999877929688,477079
2025-07-03,CHTR,414.0,420.3299865722656,411.614990234375,416.9700012207031,416.9700012207031,516681
2025-07-03,CMS,69.86000061035156,70.61499786376953,69.55999755859375,70.47000122070312,70.47000122070312,1413304
2025-07-03,CRL,158.0800018310547,158.72000122070312,156.16549682617188,157.1199951171875,157.1199951171875,247085
2025-07-03,DD,74.08999633789062,74.28500366210938,73.16500091552734,73.72000122070312,73.72000122070312,2263916
2025-07-03,DVN,33.38999938964844,33.525001525878906,33.099998474121094,33.22999954223633,33.22999954223633,2819953
2025-07-03,FICO,1825.010009765625,1864.8499755859375,1825.010009765625,1855.3800048828125,1855.3800048828125,88775
2025-07-03,FRT,95.02999877929688,95.93000030517578,94.5199966430664,95.80000305175781,95.80000305175781,558329
2025-07-03,GPC,127.30000305175781,127.92230224609375,126.55000305175781,127.41000366210938,127.41000366210938,495193
2025-07-03,ICE,182.0,183.11000061035156,181.7899932861328,183.11000061035156,183.11000061035156,1082826
2025-07-03,LLY,780.4600219726562,783.5499877929688,773.0,780.6699829101562,780.6699829101562,1415890
2025-07-03,LW,52.79999923706055,53.25,52.31999969482422,52.470001220703125,52.470001220703125,1089845
2025-07-03,MO,59.06999969482422,59.650001525878906,59.029998779296875,59.650001525878906,59.650001525878906,4708696
2025-07-03,MTD,1205.1500244140625,1213.7449951171875,1205.3499755859375,1209.0799560546875,1209.0799560546875,41859
2025-07-03,O,57.720001220703125,57.880001068115234,57.38999938964844,57.68000030517578,57.68000030517578,2904094
2025-07-03,OXY,43.75,44.060001373291016,43.650001525878906,43.79999923706055,43.79999923706055,4528551
2025-07-03,PH,716.0999755859375,720.89990234375,712.239990234375,719.1500244140625,719.1500244140625,360526
2025-07-03,PODD,301.8399963378906,302.44000244140625,297.0,301.04998779296875,301.04998779296875,523594
2025-07-03,ROK,345.0,348.4200134277344,344.8599853515625,347.07000732421875,347.07000732421875,626807
2025-07-03,SPGI,528.1799926757812,529.6099853515625,525.5599975585938,529.6099853515625,529.6099853515625,578304
2025-07-03,TER,95.20500183105469,95.20500183105469,92.16000366210938,93.05999755859375,93.05999755859375,2178528
2025-07-03,UHS,186.00999450683594,186.72999572753906,182.44000244140625,184.52999877929688,184.52999877929688,665323
2025-07-03,VZ,43.7400016784668,43.77000045776367,43.415000915527344,43.54999923706055,43.54999923706055,10063458
2025-07-03,WBD,11.135000228881836,11.3100004196167,11.114999771118164,11.220000267028809,11.220000267028809,24146170
2025-07-03,AIG,82.72000122070312,83.68000030517578,82.60199737548828,83.18000030517578,83.18000030517578,2804218
2025-07-03,AVY,182.5399932861328,183.8000030517578,181.94000244140625,183.24000549316406,183.24000549316406,339849
2025-07-03,BDX,178.17999267578125,178.3000030517578,175.9250030517578,176.16000366210938,176.16000366210938,1057606
2025-07-03,BKNG,5697.2900390625,5760.39501953125,5652.990234375,5716.7998046875,5716.7998046875,130965
2025-07-03,CAG,21.229999542236328,21.264999389648438,20.93000030517578,20.989999771118164,20.989999771118164,6100811
2025-07-03,CDNS,325.1000061035156,330.0899963378906,321.37640380859375,326.80999755859375,326.80999755859375,2259978
2025-07-03,CHD,98.26000213623047,98.69000244140625,97.37000274658203,98.41000366210938,98.41000366210938,1204908
2025-07-03,DOC,18.260000228881836,18.475000381469727,18.190000534057617,18.219999313354492,18.219999313354492,5546828
2025-07-03,DRI,219.83999633789062,220.85000610351562,218.82000732421875,220.27000427246094,220.27000427246094,604934
2025-07-03,DVA,142.86000061035156,144.05999755859375,141.83999633789062,142.55999755859375,142.55999755859375,600082
2025-07-03,EMR,138.11000061035156,139.89999389648438,137.86000061035156,139.75999450683594,139.75999450683594,1475984
2025-07-03,EQT,56.06999969482422,56.38999938964844,54.77000045776367,55.310001373291016,55.310001373291016,4295628
2025-07-03,GD,293.07000732421875,295.393310546875,292.3399963378906,294.760009765625,294.760009765625,646635
2025-07-03,HAS,78.08999633789062,78.37999725341797,77.2699966430664,77.63999938964844,77.63999938964844,1681327
2025-07-03,HD,371.80999755859375,373.17999267578125,368.4049987792969,371.67999267578125,371.67999267578125,2573629
2025-07-03,IQV,165.10000610351562,166.91000366210938,164.24000549316406,164.24000549316406,164.24000549316406,674071
2025-07-03,J,132.57000732421875,133.1699981689453,132.02000427246094,132.61000061035156,132.61000061035156,323596
2025-07-03,PCG,14.010000228881836,14.050000190734863,13.779999732971191,13.90999984741211,13.90999984741211,15890763
2025-07-03,PYPL,76.70999908447266,77.36000061035156,76.4800033569336,76.58999633789062,76.58999633789062,5263390
2025-07-03,T,28.290000915527344,28.40999984741211,28.1299991607666,28.360000610351562,28.360000610351562,21085177
2025-07-03,TPR,87.43000030517578,90.83999633789062,86.81999969482422,90.19999694824219,90.19999694824219,4384137
2025-07-03,TSN,57.459999084472656,57.63999938964844,57.16999816894531,57.36000061035156,57.36000061035156,1483645
2025-07-03,WDC,65.93000030517578,66.80999755859375,65.7699966430664,66.08000183105469,66.08000183105469,5162095
2025-07-03,ZBH,93.55000305175781,94.05000305175781,93.23999786376953,93.66999816894531,93.66999816894531,927032
2025-07-03,ZBRA,323.5299987792969,326.6400146484375,318.5,323.7200012207031,323.7200012207031,257488
2025-07-03,AEE,95.06999969482422,96.25,95.16000366210938,96.0199966430664,96.0199966430664,637604
2025-07-03,ALLE,148.33999633789062,148.50999450683594,147.19000244140625,148.11000061035156,148.11000061035156,411792
2025-07-03,APTV,72.97000122070312,73.0,71.87000274658203,72.55999755859375,72.55999755859375,1048551
2025-07-03,BAC,48.94499969482422,49.30500030517578,48.810001373291016,48.93000030517578,48.93000030517578,21577976
2025-07-03,BMY,47.209999084472656,47.26499938964844,46.69499969482422,46.91999816894531,46.91999816894531,7024133
2025-07-03,CI,320.3399963378906,323.09600830078125,318.67999267578125,319.75,319.75,852424
2025-07-03,CPAY,335.5799865722656,342.06500244140625,331.5400085449219,339.1000061035156,339.1000061035156,409806
2025-07-03,DHI,136.0,136.3800048828125,131.64999389648438,131.89999389648438,131.89999389648438,3428397
2025-07-03,ES,64.63999938964844,65.11499786376953,64.2750015258789,64.55000305175781,64.55000305175781,1471270
2025-07-03,EXPD,119.48999786376953,119.80000305175781,118.08000183105469,118.37999725341797,118.37999725341797,616682
2025-07-03,FI,173.42999267578125,175.7899932861328,172.77999877929688,175.5500030517578,175.5500030517578,2211394
2025-07-03,HPQ,26.079999923706055,26.2549991607666,25.979999542236328,26.0,26.0,4740176
2025-07-03,IT,398.07000732421875,402.25250244140625,395.17498779296875,400.2799987792969,400.2799987792969,341174
2025-07-03,JPM,292.1499938964844,296.3800048828125,291.2099914550781,296.0,296.0,6480148
2025-07-03,LUV,34.0,34.23500061035156,33.86000061035156,34.08000183105469,34.08000183105469,3722322
2025-07-03,META,726.698974609375,729.0,714.4400024414062,719.010009765625,719.010009765625,8601653
2025-07-03,NSC,262.42999267578125,263.82000732421875,261.94000244140625,262.5,262.5,928463
2025-07-03,OTIS,99.69999694824219,100.01000213623047,99.12000274658203,99.51000213623047,99.51000213623047,1052322
2025-07-03,PPG,118.58999633789062,118.94000244140625,117.70999908447266,118.27999877929688,118.27999877929688,796208
2025-07-03,QCOM,163.0449981689453,163.95730590820312,162.08999633789062,162.2100067138672,162.2100067138672,4267702
2025-07-03,RF,24.770000457763672,24.989200592041016,24.594999313354492,24.799999237060547,24.799999237060547,4691570
2025-07-03,SNA,320.82000732421875,322.56500244140625,320.3399963378906,321.6300048828125,321.6300048828125,178388
2025-07-03,SWK,71.93000030517578,72.05500030517578,70.8949966430664,71.0999984741211,71.0999984741211,1088378
2025-07-03,TSCO,55.11000061035156,55.13999938964844,54.18000030517578,54.630001068115234,54.630001068115234,2925540
2025-07-03,WAT,352.29998779296875,354.1050109863281,348.8999938964844,350.2200012207031,350.2200012207031,251699
2025-07-03,ARE,76.37999725341797,77.19000244140625,75.98999786376953,76.91999816894531,76.91999816894531,904443
2025-07-03,BIIB,133.49000549316406,134.4199981689453,132.2100067138672,132.8699951171875,132.8699951171875,633328
2025-07-03,CME,275.8299865722656,276.9100036621094,273.489990234375,276.70001220703125,276.70001220703125,1233913
2025-07-03,CNP,35.720001220703125,36.06999969482422,35.66999816894531,35.939998626708984,35.939998626708984,3774488
2025-07-03,COF,219.39999389648438,221.9199981689453,218.89999389648438,220.91000366210938,220.91000366210938,1853959
2025-07-03,DIS,123.06500244140625,124.23999786376953,122.9000015258789,124.0,124.0,4191063
2025-07-03,EG,335.5400085449219,338.0799865722656,333.8999938964844,337.4800109863281,337.4800109863281,295283
2025-07-03,EQR,66.55999755859375,67.23999786376953,66.36000061035156,66.87999725341797,66.87999725341797,1362183
2025-07-03,ERIE,344.4800109863281,348.0899963378906,344.4800109863281,346.94000244140625,346.94000244140625,66082
2025-07-03,EXC,42.994998931884766,43.33000183105469,42.88999938964844,43.130001068115234,43.130001068115234,3600204
2025-07-03,GE,245.5500030517578,248.6999969482422,245.0,246.8800048828125,246.8800048828125,3089499
2025-07-03,GEHC,76.18000030517578,76.52999877929688,75.69000244140625,76.06999969482422,76.06999969482422,1574628
2025-07-03,GM,52.790000915527344,53.96009826660156,52.744998931884766,52.88999938964844,52.88999938964844,6599331
2025-07-03,IR,87.02999877929688,87.43000030517578,86.8949966430664,86.9800033569336,86.9800033569336,1240577
2025-07-03,KEYS,166.0399932861328,167.38999938964844,161.64500427246094,167.0500030517578,167.0500030517578,478793
2025-07-03,KMX,71.38999938964844,71.98999786376953,70.52999877929688,70.61000061035156,70.61000061035156,1313519
2025-07-03,MHK,111.7300033569336,112.12999725341797,110.32499694824219,110.83999633789062,110.83999633789062,463444
2025-07-03,MOH,242.24000549316406,242.4199981689453,238.0,239.5800018310547,239.5800018310547,787834
2025-07-03,NXPI,231.14999389648438,233.1750030517578,230.2471923828125,232.10000610351562,232.10000610351562,1298578
2025-07-03,PEG,81.0999984741211,81.81999969482422,80.59500122070312,81.16999816894531,81.16999816894531,2018416
2025-07-03,PRU,108.69000244140625,109.98999786376953,108.72000122070312,109.08000183105469,109.08000183105469,732327
2025-07-03,ROL,55.66999816894531,56.439998626708984,55.540000915527344,56.439998626708984,56.439998626708984,690184
2025-07-03,TMO,428.6199951171875,432.8999938964844,426.0799865722656,429.3299865722656,429.3299865722656,1359321
2025-07-03,TRV,259.8299865722656,264.1300048828125,258.1000061035156,264.1300048828125,264.1300048828125,859342
2025-07-03,WY,26.700000762939453,26.729999542236328,26.295000076293945,26.43000030517578,26.43000030517578,2532915
2025-07-03,ACGL,88.87999725341797,89.66000366210938,88.51000213623047,89.19000244140625,89.19000244140625,1961631
2025-07-03,AMGN,297.0,298.989990234375,295.510009765625,298.239990234375,298.239990234375,1518529
2025-07-03,BSX,104.47000122070312,104.49500274658203,103.4800033569336,104.31999969482422,104.31999969482422,2931148
2025-07-03,C,87.12999725341797,88.79499816894531,86.8499984741211,88.72000122070312,88.72000122070312,13229886
2025-07-03,CDW,183.3699951171875,183.91000366210938,181.9199981689453,182.1300048828125,182.1300048828125,488567
2025-07-03,CRM,269.70001220703125,274.7300109863281,269.31500244140625,272.1499938964844,272.1499938964844,5031804
2025-07-03,CVX,147.83999633789062,148.97999572753906,147.36000061035156,148.3699951171875,148.3699951171875,5155096
2025-07-03,DLR,172.6999969482422,173.48500061035156,171.96499633789062,172.60000610351562,172.60000610351562,780879
2025-07-03,EQIX,797.6900024414062,797.6900024414062,782.7849731445312,787.0,787.0,539869
2025-07-03,FTV,53.5,53.75,52.83000183105469,53.04999923706055,53.04999923706055,2484750
2025-07-03,GEN,29.90999984741211,30.729999542236328,29.850000381469727,30.489999771118164,30.489999771118164,2910040
2025-07-03,GNRC,150.4600067138672,153.3000030517578,150.00999450683594,152.3699951171875,152.3699951171875,716859
2025-07-03,HAL,21.760000228881836,21.780000686645508,21.459999084472656,21.520000457763672,21.520000457763672,7248023
2025-07-03,MKTX,217.91000366210938,218.05499267578125,214.42340087890625,216.72999572753906,216.72999572753906,299242
2025-07-03,MNST,63.22999954223633,63.22999954223633,62.33000183105469,63.08000183105469,63.08000183105469,3782631
2025-07-03,MU,122.32499694824219,123.62999725341797,121.83000183105469,122.29000091552734,122.29000091552734,13247931
2025-07-03,ODFL,170.50999450683594,172.60000610351562,169.77000427246094,171.02999877929688,171.02999877929688,1368620
2025-07-03,OKE,82.4000015258789,82.79000091552734,81.77459716796875,82.13999938964844,82.13999938964844,1757598
2025-07-03,PFE,25.350000381469727,25.520000457763672,25.221200942993164,25.3799991607666,25.3799991607666,27104580
2025-07-03,PGR,257.8599853515625,261.6600036621094,256.95001220703125,261.6600036621094,261.6600036621094,2685585
2025-07-03,REG,70.62000274658203,71.0999984741211,70.51000213623047,70.79000091552734,70.79000091552734,671204
2025-07-03,SOLV,78.16000366210938,78.8550033569336,77.8239974975586,78.5,78.5,474266
2025-07-03,SYF,69.7300033569336,70.55500030517578,69.2300033569336,70.16000366210938,70.16000366210938,2265856
2025-07-03,VRSN,283.0,286.5400085449219,281.9700012207031,286.32000732421875,286.32000732421875,439111
2025-07-03,ZTS,158.0500030517578,159.47000122070312,157.61000061035156,159.17999267578125,159.17999267578125,1375164
2025-07-03,A,121.0,121.75,120.66999816894531,121.37999725341797,121.37999725341797,944958
2025-07-03,BLDR,126.80000305175781,128.44000244140625,125.62999725341797,127.22000122070312,127.22000122070312,1732163
2025-07-03,CCL,29.790000915527344,30.238100051879883,29.65999984741211,29.959999084472656,29.959999084472656,19978354
2025-07-03,CMCSA,35.79999923706055,36.39500045776367,35.779998779296875,35.9900016784668,35.9900016784668,10160934
2025-07-03,DG,115.48999786376953,116.06999969482422,112.6781997680664,114.11000061035156,114.11000061035156,2030122
2025-07-03,DGX,176.13999938964844,176.9199981689453,175.74000549316406,176.9199981689453,176.9199981689453,436517
2025-07-03,DOW,28.670000076293945,28.780000686645508,28.3700008392334,28.459999084472656,28.459999084472656,5949954
2025-07-03,EIX,53.099998474121094,53.2400016784668,52.060001373291016,52.54999923706055,52.54999923706055,2912434
2025-07-03,F,11.75,11.959600448608398,11.759900093078613,11.8100004196167,11.8100004196167,60311463
2025-07-03,FE,39.72999954223633,39.95000076293945,39.43000030517578,39.880001068115234,39.880001068115234,2417082
2025-07-03,GIS,53.90999984741211,54.0,52.910701751708984,53.150001525878906,53.150001525878906,3546684
2025-07-03,HON,240.0,241.2949981689453,239.38999938964844,240.39999389648438,240.39999389648438,1903189
2025-07-03,HWM,176.69000244140625,181.05999755859375,176.07000732421875,181.05999755859375,181.05999755859375,1766373
2025-07-03,JNJ,155.42999267578125,156.27999877929688,154.8800048828125,156.00999450683594,156.00999450683594,3363171
2025-07-03,K,80.0,80.05500030517578,79.83999633789062,80.0,80.0,1739002
2025-07-03,LVS,47.93000030517578,48.59299850463867,47.63999938964844,48.220001220703125,48.220001220703125,2360176
2025-07-03,MET,80.47000122070312,81.26000213623047,80.0199966430664,80.6500015258789,80.6500015258789,1617752
2025-07-03,MSCI,586.5,589.5499877929688,580.0,587.739990234375,587.739990234375,268232
2025-07-03,ON,56.38999938964844,57.130001068115234,55.630001068115234,56.599998474121094,56.599998474121094,5552585
2025-07-03,PHM,111.97000122070312,112.18000030517578,108.80000305175781,109.36000061035156,109.36000061035156,1616063
2025-07-03,TJX,125.3499984741211,126.11000061035156,124.7699966430664,125.86000061035156,125.86000061035156,2986646
2025-07-03,TXN,215.6999969482422,216.94000244140625,214.7209930419922,216.02000427246094,216.02000427246094,2561140
2025-07-03,VLO,141.58999633789062,145.83999633789062,141.0500030517578,144.5800018310547,144.5800018310547,2224601
2025-07-03,WFC,82.63999938964844,83.94499969482422,82.51000213623047,83.5999984741211,83.5999984741211,11237287
2025-07-03,WSM,172.60000610351562,173.90499877929688,171.9499969482422,173.19000244140625,173.19000244140625,746331
2025-07-03,AES,11.359999656677246,11.630000114440918,11.279999732971191,11.520000457763672,11.520000457763672,13837893
2025-07-03,AMAT,189.35000610351562,192.0399932861328,189.27000427246094,191.0500030517578,191.0500030517578,3565632
2025-07-03,ANET,101.33000183105469,103.48999786376953,101.30000305175781,102.5199966430664,102.5199966430664,5296699
2025-07-03,CPB,31.6299991607666,31.799999237060547,31.1299991607666,31.25,31.25,3233813
2025-07-03,DE,520.0,523.5800170898438,519.4349975585938,520.969970703125,520.969970703125,470313
2025-07-03,DELL,124.19000244140625,126.18000030517578,123.69010162353516,125.22000122070312,125.22000122070312,3725609
2025-07-03,EA,157.36000061035156,157.98989868164062,153.6300048828125,155.3699951171875,155.3699951171875,1321185
2025-07-03,EPAM,180.14999389648438,183.17999267578125,180.11500549316406,182.8300018310547,182.8300018310547,273809
2025-07-03,HBAN,17.6299991607666,17.7450008392334,17.510700225830078,17.540000915527344,17.540000915527344,21787294
2025-07-03,HPE,21.440000534057617,21.469999313354492,21.149999618530273,21.34000015258789,21.34000015258789,12295562
2025-07-03,HST,16.290000915527344,16.420000076293945,16.140100479125977,16.209999084472656,16.209999084472656,5300653
2025-07-03,IDXX,539.02001953125,548.5399780273438,537.1099853515625,547.010009765625,547.010009765625,333263
2025-07-03,IFF,77.19999694824219,77.37000274658203,76.25,76.33000183105469,76.33000183105469,838249
2025-07-03,LEN,113.75,114.2699966430664,109.93000030517578,110.12000274658203,110.12000274658203,3138738
2025-07-03,LYV,149.4199981689453,151.0800018310547,148.93499755859375,149.27000427246094,149.27000427246094,925403
2025-07-03,MDT,88.37000274658203,88.70120239257812,88.05999755859375,88.38999938964844,88.38999938964844,2961978
2025-07-03,PG,161.7899932861328,162.02000427246094,159.7899932861328,160.8300018310547,160.8300018310547,6999589
2025-07-03,PLTR,134.36000061035156,135.6199951171875,132.50999450683594,134.36000061035156,134.36000061035156,41812483
2025-07-03,STT,109.61000061035156,110.63999938964844,109.05000305175781,110.30999755859375,110.30999755859375,1166677
2025-07-03,TGT,105.94999694824219,105.96990203857422,104.05500030517578,104.05999755859375,104.05999755859375,3535290
2025-07-03,TMUS,236.96499633789062,241.35000610351562,236.60000610351562,240.75,240.75,1993076
2025-07-03,UNH,309.8399963378906,312.25,308.2799987792969,308.54998779296875,308.54998779296875,6062342
2025-07-03,V,354.5899963378906,359.0,353.6099853515625,358.8599853515625,358.8599853515625,3702810
2025-07-03,VST,188.13999938964844,194.3000030517578,188.00999450683594,192.1999969482422,192.1999969482422,3321186
2025-07-03,WTW,304.4200134277344,307.07000732421875,304.0199890136719,306.6400146484375,306.6400146484375,426102
2025-07-03,ABNB,136.27000427246094,138.1699981689453,136.25,136.49000549316406,136.49000549316406,2623784
2025-07-03,ADSK,310.3399963378906,318.2300109863281,310.3399963378906,316.6600036621094,316.6600036621094,836362
2025-07-03,APH,99.2300033569336,99.70500183105469,98.80999755859375,99.45999908447266,99.45999908447266,3180786
2025-07-03,APO,143.10000610351562,145.36000061035156,142.5800018310547,144.47000122070312,144.47000122070312,1402169
2025-07-03,BXP,67.91999816894531,69.20999908447266,67.9749984741211,68.83000183105469,68.83000183105469,774253
2025-07-03,DECK,106.70999908447266,107.66000366210938,105.86519622802734,106.19999694824219,106.19999694824219,1729532
2025-07-03,GEV,511.739990234375,519.7100219726562,506.6499938964844,517.0399780273438,517.0399780273438,1803860
2025-07-03,GILD,111.55000305175781,112.08000183105469,110.61000061035156,111.75,111.75,4026397
2025-07-03,IEX,182.75,183.52499389648438,180.69000244140625,181.25,181.25,224051
2025-07-03,KR,69.77999877929688,70.04000091552734,68.625,69.83000183105469,69.83000183105469,3716237
2025-07-03,LDOS,163.0800018310547,165.97000122070312,162.66000366210938,164.55999755859375,164.55999755859375,950883
2025-07-03,LH,260.1300048828125,262.4949951171875,260.1300048828125,261.8900146484375,261.8900146484375,271298
2025-07-03,LMT,463.7099914550781,465.04998779296875,461.0,462.5199890136719,462.5199890136719,698694
2025-07-03,MA,560.7750244140625,569.6619873046875,560.7349853515625,569.239990234375,569.239990234375,1497740
2025-07-03,MSFT,493.4949951171875,500.1199951171875,493.44000244140625,498.8399963378906,498.8399963378906,13917734
2025-07-03,MSI,422.70001220703125,426.32000732421875,421.1600036621094,424.8399963378906,424.8399963378906,494717
2025-07-03,NDAQ,89.76000213623047,90.3499984741211,89.49500274658203,90.06999969482422,90.06999969482422,1431532
2025-07-03,NI,39.369998931884766,39.720001220703125,39.224998474121094,39.560001373291016,39.560001373291016,2020741
2025-07-03,NTRS,132.14999389648438,133.0,131.38499450683594,131.6999969482422,131.6999969482422,1442274
2025-07-03,PAYX,146.3000030517578,147.25999450683594,145.55999755859375,147.1300048828125,147.1300048828125,1539620
2025-07-03,PKG,201.69000244140625,203.57989501953125,200.6999969482422,202.2899932861328,202.2899932861328,393100
2025-07-03,PM,175.9499969482422,178.8800048828125,175.3000030517578,178.8800048828125,178.8800048828125,2734143
2025-07-03,PSX,126.04000091552734,128.44000244140625,125.30999755859375,127.29000091552734,127.29000091552734,1290860
2025-07-03,SYY,76.9000015258789,77.29000091552734,76.28500366210938,77.18000030517578,77.18000030517578,1877954
2025-07-03,USB,47.68000030517578,48.05500030517578,47.52000045776367,47.93000030517578,47.93000030517578,7031644
2025-07-03,ALGN,196.80999755859375,201.0,195.7949981689453,196.82000732421875,196.82000732421875,712803
2025-07-03,AVGO,270.7099914550781,275.79998779296875,270.1199951171875,275.17999267578125,275.17999267578125,10507344
2025-07-03,BRK-B,480.8900146484375,486.489990234375,480.3999938964844,485.0,485.0,3443318
2025-07-03,BX,154.49000549316406,155.63760375976562,153.57000732421875,155.1300048828125,155.1300048828125,2046612
2025-07-03,CBRE,143.0,144.14999389648438,141.63999938964844,143.17999267578125,143.17999267578125,721444
2025-07-03,CFG,47.5,47.92499923706055,47.26350021362305,47.720001220703125,47.720001220703125,3302846
2025-07-03,CMI,335.1400146484375,335.94000244140625,330.43499755859375,331.8299865722656,331.8299865722656,549414
2025-07-03,CNC,33.95500183105469,34.84000015258789,33.29999923706055,33.310001373291016,33.310001373291016,32984267
2025-07-03,CZR,30.0,30.06999969482422,29.584999084472656,29.709999084472656,29.709999084472656,3295613
2025-07-03,EL,89.0199966430664,89.86000061035156,87.91999816894531,88.72000122070312,88.72000122070312,2281816
2025-07-03,ENPH,41.560001373291016,43.88999938964844,41.52000045776367,42.56999969482422,42.56999969482422,6999514
2025-07-03,EOG,122.87000274658203,123.70999908447266,122.0,123.1500015258789,123.1500015258789,1434052
2025-07-03,GRMN,214.1699981689453,216.3699951171875,214.03500366210938,214.77000427246094,214.77000427246094,496760
2025-07-03,IBM,287.94000244140625,292.32000732421875,287.8999938964844,291.9700012207031,291.9700012207031,1765273
2025-07-03,ITW,256.0,258.6700134277344,255.63999938964844,258.5,258.5,759218
2025-07-03,LYB,62.58000183105469,62.777400970458984,61.81999969482422,62.0099983215332,62.0099983215332,1962870
2025-07-03,PCAR,99.38999938964844,99.7219009399414,97.0999984741211,97.66000366210938,97.66000366210938,1848458
2025-07-03,SBUX,94.19999694824219,94.62999725341797,93.76000213623047,94.44000244140625,94.44000244140625,3541607
2025-07-03,SLB,36.0,36.0,35.4900016784668,35.650001525878906,35.650001525878906,7240714
2025-07-03,TEL,174.0,175.02999877929688,173.42999267578125,174.2899932861328,174.2899932861328,584980
2025-07-03,TFC,45.25,45.78839874267578,45.1349983215332,45.540000915527344,45.540000915527344,5611201
2025-07-03,TYL,582.739990234375,593.3800048828125,581.25,590.0399780273438,590.0399780273438,173785
2025-07-03,VMC,266.0,267.61920166015625,264.8800048828125,266.239990234375,266.239990234375,421723
2025-07-03,WELL,151.80999755859375,153.10000610351562,150.1999969482422,152.77000427246094,152.77000427246094,1513926
2025-07-03,XOM,110.86000061035156,112.46900177001953,110.61869812011719,112.19999694824219,112.19999694824219,9610297
2025-07-03,AON,352.8699951171875,356.30999755859375,351.4923095703125,354.760009765625,354.760009765625,640714
2025-07-03,BBY,72.19999694824219,72.83999633789062,71.68000030517578,72.0999984741211,72.0999984741211,1784955
2025-07-03,CB,281.55999755859375,285.489990234375,279.92999267578125,283.79998779296875,283.79998779296875,1522138
2025-07-03,CINF,146.41000366210938,148.67999267578125,145.44009399414062,148.58999633789062,148.58999633789062,472524
2025-07-03,CLX,124.83999633789062,125.62999725341797,124.31999969482422,124.83999633789062,124.83999633789062,1078076
2025-07-03,CSGP,81.7300033569336,82.72000122070312,81.18499755859375,82.12000274658203,82.12000274658203,1017464
2025-07-03,CTSH,80.45999908447266,81.30000305175781,80.0199966430664,80.9800033569336,80.9800033569336,1775604
2025-07-03,DAL,50.5,51.389801025390625,50.349998474121094,50.86000061035156,50.86000061035156,6123398
2025-07-03,DOV,188.8800048828125,189.6999053955078,187.64999389648438,188.6300048828125,188.6300048828125,488787
2025-07-03,FAST,42.7599983215332,43.209999084472656,42.625,43.130001068115234,43.130001068115234,2959238
2025-07-03,GWW,1036.6800537109375,1052.2899169921875,1038.0250244140625,1050.489990234375,1050.489990234375,158261
2025-07-03,INTC,22.145000457763672,22.6299991607666,21.989999771118164,22.489999771118164,22.489999771118164,60704082
2025-07-03,IPG,25.579999923706055,25.65999984741211,25.3799991607666,25.3799991607666,25.3799991607666,4872664
2025-07-03,KHC,27.09000015258789,27.149999618530273,26.575000762939453,26.65999984741211,26.65999984741211,9155296
2025-07-03,LIN,476.6199951171875,477.210205078125,474.0382995605469,475.5799865722656,475.5799865722656,952724
2025-07-03,MAA,148.9199981689453,150.89999389648438,148.00999450683594,150.47000122070312,150.47000122070312,403534
2025-07-03,MCHP,73.83000183105469,74.4000015258789,72.94000244140625,73.05999755859375,73.05999755859375,3810846
2025-07-03,MPC,173.27999877929688,176.8675994873047,173.0,176.0500030517578,176.0500030517578,1135939
2025-07-03,MTB,201.27000427246094,203.5800018310547,201.11500549316406,202.5800018310547,202.5800018310547,838320
2025-07-03,PFG,80.87000274658203,81.62000274658203,80.52999877929688,81.0,81.0,593199
2025-07-03,PNW,89.98999786376953,90.48999786376953,89.68000030517578,90.41999816894531,90.41999816894531,757636
2025-07-03,TRGP,174.2899932861328,175.0399932861328,172.7550048828125,173.52000427246094,173.52000427246094,760692
2025-07-03,TRMB,78.05000305175781,78.9800033569336,77.88999938964844,78.875,78.875,805576
2025-07-03,TROW,100.43000030517578,100.72000122070312,99.62000274658203,100.1500015258789,100.1500015258789,924241
2025-07-03,VRTX,458.45001220703125,461.04998779296875,456.57501220703125,459.6199951171875,459.6199951171875,754372
2025-07-03,ADI,245.83999633789062,246.5500030517578,244.17999267578125,245.67999267578125,245.67999267578125,1836546
2025-07-03,AXP,325.32501220703125,329.1199951171875,324.17999267578125,328.1300048828125,328.1300048828125,1541782
2025-07-03,BALL,59.0,59.01499938964844,58.599998474121094,58.72999954223633,58.72999954223633,876958
2025-07-03,ELV,355.010009765625,357.1000061035156,347.2099914550781,347.8399963378906,347.8399963378906,2006213
2025-07-03,ETN,359.1099853515625,363.4200134277344,358.3500061035156,362.2200012207031,362.2200012207031,1087870
2025-07-03,GOOGL,178.69500732421875,179.6699981689453,177.05999755859375,179.52999877929688,179.52999877929688,21563145
2025-07-03,HSY,177.22000122070312,177.5500030517578,175.0189971923828,176.47000122070312,176.47000122070312,733761
2025-07-03,JBL,222.74000549316406,227.5399932861328,222.5500030517578,226.00999450683594,226.00999450683594,1095844
2025-07-03,KVUE,20.989999771118164,21.125,20.860000610351562,21.049999237060547,21.049999237060547,6093067
2025-07-03,MAR,277.6199951171875,281.2799987792969,277.5,280.0299987792969,280.0299987792969,622081
2025-07-03,MRK,82.55000305175781,82.60479736328125,80.69999694824219,80.93000030517578,80.93000030517578,7512121
2025-07-03,MS,143.36000061035156,144.55999755859375,142.6699981689453,144.13999938964844,144.13999938964844,3974691
2025-07-03,NEE,73.0,75.05000305175781,72.5999984741211,73.87999725341797,73.87999725341797,8560920
2025-07-03,ORLY,89.3499984741211,91.48999786376953,89.18000030517578,91.33000183105469,91.33000183105469,3187218
2025-07-03,PAYC,229.14999389648438,233.39999389648438,227.98500061035156,233.07000732421875,233.07000732421875,374191
2025-07-03,ROP,569.9500122070312,574.8099975585938,568.72998046875,573.0,573.0,200635
2025-07-03,SO,91.0,91.96990203857422,90.63500213623047,91.51000213623047,91.51000213623047,3467244
2025-07-03,STLD,134.9199981689453,135.2100067138672,132.97000122070312,133.24000549316406,133.24000549316406,1496134
2025-07-03,STX,152.0,152.15499877929688,149.24000549316406,149.44000244140625,149.44000244140625,3595120
2025-07-03,SW,47.29999923706055,48.095001220703125,47.130001068115234,48.029998779296875,48.029998779296875,3591479
2025-07-03,TTWO,240.16000366210938,240.9875030517578,237.00999450683594,240.11000061035156,240.11000061035156,952944
2025-07-03,ULTA,472.8399963378906,481.3949890136719,471.125,477.7900085449219,477.7900085449219,390669
2025-07-03,VICI,33.27000045776367,33.56999969482422,33.20000076293945,33.43000030517578,33.43000030517578,2842812
2025-07-03,WST,222.14999389648438,224.40499877929688,220.33999633789062,222.25999450683594,222.25999450683594,370766
2025-07-03,XEL,67.43000030517578,68.41999816894531,67.30000305175781,68.19000244140625,68.19000244140625,1942489
2025-07-03,AAPL,212.14500427246094,214.64999389648438,211.8101043701172,213.5500030517578,213.5500030517578,34697317
2025-07-03,AIZ,193.2899932861328,194.0500030517578,192.4600067138672,193.47000122070312,193.47000122070312,264316
2025-07-03,AME,183.0,184.35169982910156,182.10000610351562,184.19000244140625,184.19000244140625,719336
2025-07-03,ATO,150.9499969482422,152.80999755859375,150.625,152.27999877929688,152.27999877929688,412875
2025-07-03,BG,81.5,81.75,77.9000015258789,78.44000244140625,78.44000244140625,2076553
2025-07-03,BR,240.8699951171875,242.24000549316406,238.66000366210938,242.1300048828125,242.1300048828125,321244
2025-07-03,COIN,350.22100830078125,357.8699035644531,348.5,355.79998779296875,355.79998779296875,6704285
2025-07-03,CPRT,49.130001068115234,49.47999954223633,49.08000183105469,49.31999969482422,49.31999969482422,3329409
2025-07-03,CRWD,500.0,517.9799194335938,499.989990234375,514.0999755859375,514.0999755859375,2654026
2025-07-03,DTE,130.75,132.58999633789062,130.1199951171875,131.94000244140625,131.94000244140625,1384022
2025-07-03,FANG,141.73500061035156,142.2100067138672,140.27000427246094,140.89999389648438,140.89999389648438,1177862
2025-07-03,FCX,45.755001068115234,46.209999084472656,45.56999969482422,45.79999923706055,45.79999923706055,7607321
2025-07-03,FDS,447.6099853515625,450.4800109863281,445.29998779296875,447.94000244140625,447.94000244140625,185676
2025-07-03,FDX,243.75,245.75999450683594,240.1199951171875,241.22999572753906,241.22999572753906,2410389
2025-07-03,JKHY,179.75,182.07249450683594,178.5,181.32000732421875,181.32000732421875,241230
2025-07-03,KO,71.04000091552734,71.3949966430664,70.54000091552734,71.3499984741211,71.3499984741211,9440457
2025-07-03,LII,605.0,606.4500122070312,599.1799926757812,604.219970703125,604.219970703125,155641
2025-07-03,LOW,226.97999572753906,228.52999877929688,224.1300048828125,228.30999755859375,228.30999755859375,1777904
2025-07-03,MCK,707.97998046875,719.2999877929688,704.6749877929688,719.2999877929688,719.2999877929688,392096
2025-07-03,NEM,59.29499816894531,60.18360137939453,59.060001373291016,59.900001525878906,59.900001525878906,5369766
2025-07-03,NTAP,107.44999694824219,108.23999786376953,106.84500122070312,107.26000213623047,107.26000213623047,940101
2025-07-03,NVR,7747.0,7754.81982421875,7560.0,7623.240234375,7623.240234375,17832
2025-07-03,SBAC,235.86000061035156,235.86000061035156,230.72999572753906,233.92999267578125,233.92999267578125,518724
2025-07-03,TPL,1080.25,1080.4715576171875,1063.66064453125,1075.969970703125,1075.969970703125,56403
2025-07-03,WDAY,239.10000610351562,243.72999572753906,238.77000427246094,241.75999450683594,241.75999450683594,1301247
2025-07-03,AMCR,9.720000267028809,9.729999542236328,9.630000114440918,9.630000114440918,9.630000114440918,20324793
2025-07-03,AMD,139.11000061035156,139.5,137.32000732421875,137.91000366210938,137.91000366210938,28331975
2025-07-03,AMT,222.47999572753906,223.156005859375,217.89999389648438,221.75,221.75,1369114
2025-07-03,AMZN,221.7050018310547,224.00999450683594,221.36000061035156,223.41000366210938,223.41000366210938,29295154
2025-07-03,AVB,202.22000122070312,203.9398956298828,201.19000244140625,202.57000732421875,202.57000732421875,347838
2025-07-03,DLTR,103.16999816894531,103.16999816894531,101.05999755859375,101.91000366210938,101.91000366210938,2140512
2025-07-03,GL,121.2699966430664,121.91999816894531,120.66999816894531,121.19999694824219,121.19999694824219,564077
2025-07-03,GLW,53.0,53.27000045776367,52.83000183105469,53.040000915527344,53.040000915527344,2066077
2025-07-03,GOOG,180.0,180.77000427246094,178.19000244140625,180.5500030517578,180.5500030517578,13153209
2025-07-03,HUM,246.6300048828125,245.02049255371094,238.27000427246094,239.67999267578125,239.67999267578125,954977
2025-07-03,IP,50.11000061035156,50.64500045776367,50.0,50.43000030517578,50.43000030517578,2049934
2025-07-03,KDP,33.88999938964844,33.91400146484375,33.68000030517578,33.790000915527344,33.790000915527344,4936465
2025-07-03,MRNA,30.540000915527344,30.940000534057617,30.200000762939453,30.489999771118164,30.489999771118164,6972646
2025-07-03,NRG,156.13999938964844,158.77999877929688,155.77999877929688,158.38999938964844,158.38999938964844,2106109
2025-07-03,NUE,138.08999633789062,139.27000427246094,137.47500610351562,137.8699951171875,137.8699951171875,1025826
2025-07-03,NWS,34.459999084472656,34.540000915527344,34.18000030517578,34.38999938964844,34.38999938964844,505083
2025-07-03,OMC,75.12000274658203,75.36000061035156,74.56999969482422,74.70999908447266,74.70999908447266,2279954
2025-07-03,PLD,108.29000091552734,108.75499725341797,107.62000274658203,108.0199966430664,108.0199966430664,1548898
2025-07-03,RJF,158.52000427246094,160.33529663085938,157.74000549316406,160.0,160.0,599865
2025-07-03,SPG,166.17999267578125,167.80569458007812,165.69000244140625,166.74000549316406,166.74000549316406,925334
2025-07-03,STZ,173.22999572753906,175.01080322265625,172.13499450683594,172.32000732421875,172.32000732421875,1808258
2025-07-03,SYK,393.6300048828125,395.5,390.32000732421875,395.2799987792969,395.2799987792969,536295
2025-07-03,UDR,40.56999969482422,41.060001373291016,40.42499923706055,40.79999923706055,40.79999923706055,1157828
2025-07-03,WM,224.50999450683594,227.3000030517578,223.07000732421875,227.10000610351562,227.10000610351562,1500464
2025-07-03,YUM,150.07000732421875,150.17999267578125,148.73500061035156,150.0,150.0,1284289
2025-07-03,AFL,104.22000122070312,104.70500183105469,103.66999816894531,104.56999969482422,104.56999969482422,994901
2025-07-03,APA,19.524700164794922,19.65999984741211,19.385000228881836,19.530000686645508,19.530000686645508,3500795
2025-07-03,BA,211.78500366210938,217.6750030517578,211.6699981689453,215.9199981689453,215.9199981689453,4459970
2025-07-03,BRO,108.69999694824219,108.75,107.69000244140625,108.69999694824219,108.69999694824219,2979841
2025-07-03,CBOE,231.19000244140625,232.74000549316406,229.94000244140625,231.3699951171875,231.3699951171875,325337
2025-07-03,CF,93.61000061035156,94.95999908447266,93.61000061035156,94.6500015258789,94.6500015258789,1516352
2025-07-03,CMG,56.970001220703125,57.25,56.720001220703125,57.06999969482422,57.06999969482422,10384051
2025-07-03,CTRA,25.309999465942383,25.3700008392334,25.010000228881836,25.219999313354492,25.219999313354492,3494277
2025-07-03,ESS,282.9100036621094,285.864990234375,277.69000244140625,284.20001220703125,284.20001220703125,194453
2025-07-03,EVRG,68.79000091552734,70.29000091552734,68.70999908447266,70.18000030517578,70.18000030517578,1640587
2025-07-03,FOX,50.970001220703125,53.5,50.81999969482422,51.77000045776367,51.77000045776367,1041041
2025-07-03,FOXA,55.33000183105469,58.69499969482422,55.255001068115234,56.25,56.25,3621676
2025-07-03,INCY,68.08000183105469,68.95999908447266,67.88159942626953,68.44999694824219,68.44999694824219,1272229
2025-07-03,JBHT,153.1999969482422,154.0,151.74000549316406,152.8800048828125,152.8800048828125,477800
2025-07-03,MLM,558.489990234375,560.3300170898438,554.5,557.8900146484375,557.8900146484375,310586
2025-07-03,NKE,76.26499938964844,77.02999877929688,75.58000183105469,76.38999938964844,76.38999938964844,11545304
2025-07-03,PTC,173.85000610351562,176.97740173339844,173.85000610351562,175.97999572753906,175.97999572753906,461144
2025-07-03,RMD,255.8800048828125,257.625,253.94000244140625,256.9599914550781,256.9599914550781,391893
2025-07-03,RTX,144.49000549316406,146.38999938964844,144.3699951171875,145.75,145.75,1888713
2025-07-03,SHW,353.6199951171875,355.75,351.7850036621094,354.0,354.0,1088185
2025-07-03,SJM,104.93000030517578,105.0,103.43000030517578,104.08000183105469,104.08000183105469,1095162
2025-07-03,TKO,177.27999877929688,178.6199951171875,176.25,177.13999938964844,177.13999938964844,375797
2025-07-03,WMB,59.15999984741211,59.22999954223633,58.119998931884766,58.63999938964844,58.63999938964844,4598919
2025-07-03,WMT,97.69999694824219,98.4800033569336,97.41999816894531,98.36000061035156,98.36000061035156,7686204
2025-07-03,WRB,71.25,71.70999908447266,70.83999633789062,71.48999786376953,71.48999786376953,1422342
2025-07-03,ADP,306.7349853515625,309.3999938964844,305.2799987792969,309.20001220703125,309.20001220703125,1367879
2025-07-03,BKR,39.625,39.900001525878906,39.545799255371094,39.63999938964844,39.63999938964844,3545421
2025-07-03,BLK,1071.3299560546875,1082.47998046875,1066.6300048828125,1082.1500244140625,1082.1500244140625,342684
2025-07-03,CAT,398.9200134277344,402.4200134277344,397.5899963378906,397.8599853515625,397.8599853515625,1726040
2025-07-03,CEG,308.1600036621094,313.9259033203125,306.4476013183594,311.8800048828125,311.8800048828125,1465816
2025-07-03,COO,73.41000366210938,73.91500091552734,72.7699966430664,73.30000305175781,73.30000305175781,1492208
2025-07-03,CSX,33.61000061035156,33.76499938964844,33.529998779296875,33.599998474121094,33.599998474121094,5638708
2025-07-03,DPZ,451.70001220703125,453.25,448.8800048828125,452.17999267578125,452.17999267578125,390501
2025-07-03,EW,77.20999908447266,77.43000030517578,76.5,76.79000091552734,76.79000091552734,1679364
2025-07-03,GPN,82.22000122070312,82.51499938964844,81.45999908447266,81.8499984741211,81.8499984741211,1007563
2025-07-03,HII,248.27000427246094,253.0800018310547,247.76499938964844,252.0800018310547,252.0800018310547,304186
2025-07-03,HRL,30.889999389648438,30.899999618530273,30.3700008392334,30.469999313354492,30.469999313354492,2548050
2025-07-03,INTU,777.5700073242188,784.5399780273438,776.6900024414062,780.6400146484375,780.6400146484375,773155
2025-07-03,MCD,294.6700134277344,294.8299865722656,292.6050109863281,294.0799865722656,294.0799865722656,1668686
2025-07-03,MKC,76.58000183105469,76.56999969482422,75.1500015258789,75.1500015258789,75.1500015258789,1785186
2025-07-03,NDSN,223.17999267578125,224.64999389648438,222.73500061035156,222.77999877929688,222.77999877929688,159161
2025-07-03,PANW,197.85499572753906,202.96800231933594,197.85499572753906,201.82000732421875,201.82000732421875,2561725
2025-07-03,RL,275.1199951171875,280.4700012207031,275.1199951171875,279.80999755859375,279.80999755859375,352160
2025-07-03,SCHW,91.5,92.1500015258789,91.09500122070312,91.4800033569336,91.4800033569336,5765549
2025-07-03,SNPS,544.7000122070312,555.0,536.3499755859375,548.739990234375,548.739990234375,2020024
2025-07-03,SWKS,78.55000305175781,78.94000244140625,77.63999938964844,78.76000213623047,78.76000213623047,1807610
2025-07-03,TSLA,317.95001220703125,318.45001220703125,312.760009765625,315.3500061035156,315.3500061035156,58042302
2025-07-03,VLTO,103.7300033569336,103.93000030517578,102.26499938964844,103.75,103.75,478650
2025-07-03,WBA,11.449999809265137,11.489999771118164,11.430000305175781,11.470000267028809,11.470000267028809,6650136
2025-07-03,WYNN,104.44000244140625,106.73500061035156,104.08000183105469,105.62999725341797,105.62999725341797,1399441
2025-07-03,AEP,103.1500015258789,104.19999694824219,102.9000015258789,103.86000061035156,103.86000061035156,1617307
2025-07-03,AJG,316.0,319.2455139160156,315.23150634765625,318.1000061035156,318.1000061035156,639946
2025-07-03,AMP,541.8499755859375,544.864990234375,538.9000244140625,543.2999877929688,543.2999877929688,264141
2025-07-03,BF-B,28.65999984741211,28.700000762939453,28.270000457763672,28.270000457763672,28.270000457763672,2183461
2025-07-03,CARR,75.51000213623047,75.82499694824219,75.25,75.6500015258789,75.6500015258789,1423418
2025-07-03,COP,93.94999694824219,94.7699966430664,93.55000305175781,93.68000030517578,93.68000030517578,3120783
2025-07-03,CPT,113.33999633789062,114.6500015258789,113.19000244140625,114.01000213623047,114.01000213623047,610676
2025-07-03,DAY,55.939998626708984,57.279998779296875,55.939998626708984,57.27000045776367,57.27000045776367,783285
2025-07-03,DHR,203.3000030517578,204.2949981689453,202.35499572753906,203.1999969482422,203.1999969482422,1390744
2025-07-03,ED,100.37999725341797,100.76000213623047,99.68499755859375,100.30999755859375,100.30999755859375,1316576
2025-07-03,FIS,81.3499984741211,81.9800033569336,81.33999633789062,81.7699966430664,81.7699966430664,1293048
2025-07-03,HIG,123.61000061035156,125.19889831542969,122.93000030517578,124.98999786376953,124.98999786376953,937213
2025-07-03,HLT,271.32000732421875,274.2900085449219,271.32000732421875,273.4200134277344,273.4200134277344,928231
2025-07-03,INVH,32.52000045776367,32.709999084472656,32.33100128173828,32.619998931884766,32.619998931884766,1808219
2025-07-03,ISRG,543.9299926757812,547.0,542.3900146484375,544.469970703125,544.469970703125,701880
2025-07-03,JCI,104.9800033569336,106.95999908447266,104.9800033569336,106.70999908447266,106.70999908447266,2981953
2025-07-03,MCO,497.0,505.0799865722656,495.2300109863281,505.05999755859375,505.05999755859375,485177
2025-07-03,MDLZ,69.47000122070312,69.5199966430664,68.80999755859375,68.98999786376953,68.98999786376953,3328249
2025-07-03,MTCH,32.43000030517578,32.90999984741211,32.31999969482422,32.540000915527344,32.540000915527344,2341995
2025-07-03,NCLH,21.600000381469727,22.09000015258789,21.489999771118164,21.979999542236328,21.979999542236328,10813048
2025-07-03,NFLX,1291.8299560546875,1302.2099609375,1279.760009765625,1297.1800537109375,1297.1800537109375,1986421
2025-07-03,PEP,136.61000061035156,136.8300018310547,135.23500061035156,135.3800048828125,135.3800048828125,4941378
2025-07-03,RCL,328.0,334.4800109863281,327.1600036621094,334.4800109863281,334.4800109863281,1440459
2025-07-03,RSG,238.4600067138672,241.13999938964844,237.08999633789062,241.13999938964844,241.13999938964844,1261978
2025-07-03,WAB,214.0800018310547,215.8249969482422,214.0800018310547,214.3699951171875,214.3699951171875,576996
2025-07-03,BK,92.19000244140625,92.84500122070312,91.95999908447266,92.43000030517578,92.43000030517578,2408224
2025-07-03,CAH,161.8000030517578,164.92999267578125,161.0,164.92999267578125,164.92999267578125,1234057
